{
  "Get_Authors_by_ID" : {
    "transaction" : "Get_Authors_by_ID",
    "sampleCount" : 30,
    "errorCount" : 0,
    "errorPct" : 0.0,
    "meanResTime" : 86.03333333333332,
    "medianResTime" : 86.0,
    "minResTime" : 85.0,
    "maxResTime" : 88.0,
    "pct1ResTime" : 87.0,
    "pct2ResTime" : 87.45,
    "pct3ResTime" : 88.0,
    "throughput" : 0.5209237714881055,
    "receivedKBytesPerSec" : 0.3799250358135093,
    "sentKBytesPerSec" : 0.10530392646292759
  },
  "Post_Authors" : {
    "transaction" : "Post_Authors",
    "sampleCount" : 30,
    "errorCount" : 0,
    "errorPct" : 0.0,
    "meanResTime" : 175.1666666666666,
    "medianResTime" : 169.5,
    "minResTime" : 166.0,
    "maxResTime" : 258.0,
    "pct1ResTime" : 176.9,
    "pct2ResTime" : 245.35,
    "pct3ResTime" : 258.0,
    "throughput" : 0.5157031612603785,
    "receivedKBytesPerSec" : 0.20396462920942704,
    "sentKBytesPerSec" : 0.15410660873601154
  },
  "Get_All_Author" : {
    "transaction" : "Get_All_Author",
    "sampleCount" : 30,
    "errorCount" : 0,
    "errorPct" : 0.0,
    "meanResTime" : 292.3333333333333,
    "medianResTime" : 253.0,
    "minResTime" : 248.0,
    "maxResTime" : 745.0,
    "pct1ResTime" : 334.0,
    "pct2ResTime" : 520.0499999999997,
    "pct3ResTime" : 745.0,
    "throughput" : 0.5150126178091363,
    "receivedKBytesPerSec" : 35.36502122817634,
    "sentKBytesPerSec" : 0.10209722794458465
  },
  "Total" : {
    "transaction" : "Total",
    "sampleCount" : 180,
    "errorCount" : 0,
    "errorPct" : 0.0,
    "meanResTime" : 135.17222222222213,
    "medianResTime" : 86.0,
    "minResTime" : 83.0,
    "maxResTime" : 745.0,
    "pct1ResTime" : 253.0,
    "pct2ResTime" : 332.9999999999998,
    "pct3ResTime" : 413.70999999999907,
    "throughput" : 3.059923501912452,
    "receivedKBytesPerSec" : 36.26670075435614,
    "sentKBytesPerSec" : 0.6842992987675308
  },
  "Update_Authors" : {
    "transaction" : "Update_Authors",
    "sampleCount" : 30,
    "errorCount" : 0,
    "errorPct" : 0.0,
    "meanResTime" : 86.0,
    "medianResTime" : 86.0,
    "minResTime" : 84.0,
    "maxResTime" : 95.0,
    "pct1ResTime" : 87.0,
    "pct2ResTime" : 91.14999999999999,
    "pct3ResTime" : 95.0,
    "throughput" : 0.5209599555447505,
    "receivedKBytesPerSec" : 0.20604373241760152,
    "sentKBytesPerSec" : 0.11395999027541416
  },
  "Delete_Author" : {
    "transaction" : "Delete_Author",
    "sampleCount" : 30,
    "errorCount" : 0,
    "errorPct" : 0.0,
    "meanResTime" : 85.66666666666667,
    "medianResTime" : 85.0,
    "minResTime" : 83.0,
    "maxResTime" : 89.0,
    "pct1ResTime" : 87.0,
    "pct2ResTime" : 88.45,
    "pct3ResTime" : 89.0,
    "throughput" : 0.5209780494581828,
    "receivedKBytesPerSec" : 0.1073499691754654,
    "sentKBytesPerSec" : 0.1154902511982495
  },
  "Get_AuthorsBook_by_BookID" : {
    "transaction" : "Get_AuthorsBook_by_BookID",
    "sampleCount" : 30,
    "errorCount" : 0,
    "errorPct" : 0.0,
    "meanResTime" : 85.83333333333331,
    "medianResTime" : 86.0,
    "minResTime" : 84.0,
    "maxResTime" : 87.0,
    "pct1ResTime" : 87.0,
    "pct2ResTime" : 87.0,
    "pct3ResTime" : 87.0,
    "throughput" : 0.5209056813446312,
    "receivedKBytesPerSec" : 0.37416356655438254,
    "sentKBytesPerSec" : 0.1053002695686901
  }
}