{
  "Get_Authors_by_ID" : {
    "transaction" : "Get_Authors_by_ID",
    "sampleCount" : 30,
    "errorCount" : 0,
    "errorPct" : 0.0,
    "meanResTime" : 123.56666666666669,
    "medianResTime" : 121.0,
    "minResTime" : 116.0,
    "maxResTime" : 219.0,
    "pct1ResTime" : 124.9,
    "pct2ResTime" : 167.29999999999993,
    "pct3ResTime" : 219.0,
    "throughput" : 0.5165022467847735,
    "receivedKBytesPerSec" : 0.38463612954737186,
    "sentKBytesPerSec" : 0.10441012215278136
  },
  "Post_Authors" : {
    "transaction" : "Post_Authors",
    "sampleCount" : 30,
    "errorCount" : 0,
    "errorPct" : 0.0,
    "meanResTime" : 254.00000000000006,
    "medianResTime" : 243.0,
    "minResTime" : 229.0,
    "maxResTime" : 385.0,
    "pct1ResTime" : 287.3,
    "pct2ResTime" : 372.34999999999997,
    "pct3ResTime" : 385.0,
    "throughput" : 0.5150922015040693,
    "receivedKBytesPerSec" : 0.20372298985268364,
    "sentKBytesPerSec" : 0.1539240367775832
  },
  "Get_All_Author" : {
    "transaction" : "Get_All_Author",
    "sampleCount" : 30,
    "errorCount" : 0,
    "errorPct" : 0.0,
    "meanResTime" : 415.9666666666667,
    "medianResTime" : 376.5,
    "minResTime" : 347.0,
    "maxResTime" : 616.0,
    "pct1ResTime" : 514.4000000000001,
    "pct2ResTime" : 580.25,
    "pct3ResTime" : 616.0,
    "throughput" : 0.5142974696564493,
    "receivedKBytesPerSec" : 37.24447853450936,
    "sentKBytesPerSec" : 0.10195545541040937
  },
  "Total" : {
    "transaction" : "Total",
    "sampleCount" : 180,
    "errorCount" : 0,
    "errorPct" : 0.0,
    "meanResTime" : 193.70555555555555,
    "medianResTime" : 122.0,
    "minResTime" : 115.0,
    "maxResTime" : 616.0,
    "pct1ResTime" : 363.9,
    "pct2ResTime" : 475.34999999999985,
    "pct3ResTime" : 563.3499999999999,
    "throughput" : 3.046046062985464,
    "receivedKBytesPerSec" : 38.03865702155923,
    "sentKBytesPerSec" : 0.6811958480699913
  },
  "Update_Authors" : {
    "transaction" : "Update_Authors",
    "sampleCount" : 30,
    "errorCount" : 0,
    "errorPct" : 0.0,
    "meanResTime" : 124.16666666666667,
    "medianResTime" : 120.0,
    "minResTime" : 116.0,
    "maxResTime" : 191.0,
    "pct1ResTime" : 123.9,
    "pct2ResTime" : 190.45,
    "pct3ResTime" : 191.0,
    "throughput" : 0.5165289256198348,
    "receivedKBytesPerSec" : 0.20429122546487605,
    "sentKBytesPerSec" : 0.11299070247933884
  },
  "Delete_Author" : {
    "transaction" : "Delete_Author",
    "sampleCount" : 30,
    "errorCount" : 0,
    "errorPct" : 0.0,
    "meanResTime" : 121.46666666666664,
    "medianResTime" : 120.5,
    "minResTime" : 115.0,
    "maxResTime" : 177.0,
    "pct1ResTime" : 122.9,
    "pct2ResTime" : 150.59999999999997,
    "pct3ResTime" : 177.0,
    "throughput" : 0.516564501687444,
    "receivedKBytesPerSec" : 0.1064405369687995,
    "sentKBytesPerSec" : 0.11451185730766582
  },
  "Get_AuthorsBook_by_BookID" : {
    "transaction" : "Get_AuthorsBook_by_BookID",
    "sampleCount" : 30,
    "errorCount" : 0,
    "errorPct" : 0.0,
    "meanResTime" : 123.06666666666666,
    "medianResTime" : 121.5,
    "minResTime" : 117.0,
    "maxResTime" : 189.0,
    "pct1ResTime" : 124.0,
    "pct2ResTime" : 153.24999999999994,
    "pct3ResTime" : 189.0,
    "throughput" : 0.5164666792914077,
    "receivedKBytesPerSec" : 0.39631084085079277,
    "sentKBytesPerSec" : 0.10440293223957167
  }
}