{
  "Get_Authors_by_ID" : {
    "transaction" : "Get_Authors_by_ID",
    "sampleCount" : 30,
    "errorCount" : 0,
    "errorPct" : 0.0,
    "meanResTime" : 123.23333333333335,
    "medianResTime" : 120.5,
    "minResTime" : 117.0,
    "maxResTime" : 204.0,
    "pct1ResTime" : 124.0,
    "pct2ResTime" : 159.99999999999994,
    "pct3ResTime" : 204.0,
    "throughput" : 0.5161112735905862,
    "receivedKBytesPerSec" : 0.36998054905637656,
    "sentKBytesPerSec" : 0.104331087532472
  },
  "Post_Authors" : {
    "transaction" : "Post_Authors",
    "sampleCount" : 30,
    "errorCount" : 0,
    "errorPct" : 0.0,
    "meanResTime" : 254.93333333333337,
    "medianResTime" : 242.5,
    "minResTime" : 230.0,
    "maxResTime" : 444.0,
    "pct1ResTime" : 285.90000000000003,
    "pct2ResTime" : 394.49999999999994,
    "pct3ResTime" : 444.0,
    "throughput" : 0.5151895038725077,
    "receivedKBytesPerSec" : 0.2037614736995758,
    "sentKBytesPerSec" : 0.15395311346190174
  },
  "Get_All_Author" : {
    "transaction" : "Get_All_Author",
    "sampleCount" : 30,
    "errorCount" : 0,
    "errorPct" : 0.0,
    "meanResTime" : 425.36666666666673,
    "medianResTime" : 394.5,
    "minResTime" : 349.0,
    "maxResTime" : 640.0,
    "pct1ResTime" : 508.50000000000006,
    "pct2ResTime" : 625.15,
    "pct3ResTime" : 640.0,
    "throughput" : 0.5140507196710076,
    "receivedKBytesPerSec" : 36.360755172635365,
    "sentKBytesPerSec" : 0.10190653915352982
  },
  "Total" : {
    "transaction" : "Total",
    "sampleCount" : 180,
    "errorCount" : 0,
    "errorPct" : 0.0,
    "meanResTime" : 196.06666666666666,
    "medianResTime" : 122.0,
    "minResTime" : 116.0,
    "maxResTime" : 640.0,
    "pct1ResTime" : 381.70000000000005,
    "pct2ResTime" : 479.69999999999993,
    "pct3ResTime" : 618.1299999999999,
    "throughput" : 3.047490053331076,
    "receivedKBytesPerSec" : 37.17064886142386,
    "sentKBytesPerSec" : 0.6815187716922035
  },
  "Update_Authors" : {
    "transaction" : "Update_Authors",
    "sampleCount" : 30,
    "errorCount" : 0,
    "errorPct" : 0.0,
    "meanResTime" : 122.46666666666664,
    "medianResTime" : 120.5,
    "minResTime" : 116.0,
    "maxResTime" : 204.0,
    "pct1ResTime" : 122.0,
    "pct2ResTime" : 159.99999999999994,
    "pct3ResTime" : 204.0,
    "throughput" : 0.5161112735905862,
    "receivedKBytesPerSec" : 0.20412604082440172,
    "sentKBytesPerSec" : 0.11289934109794071
  },
  "Delete_Author" : {
    "transaction" : "Delete_Author",
    "sampleCount" : 30,
    "errorCount" : 0,
    "errorPct" : 0.0,
    "meanResTime" : 122.03333333333333,
    "medianResTime" : 119.5,
    "minResTime" : 116.0,
    "maxResTime" : 189.0,
    "pct1ResTime" : 123.9,
    "pct2ResTime" : 157.09999999999997,
    "pct3ResTime" : 189.0,
    "throughput" : 0.5161112735905862,
    "receivedKBytesPerSec" : 0.10634714719493522,
    "sentKBytesPerSec" : 0.11441138584478813
  },
  "Get_AuthorsBook_by_BookID" : {
    "transaction" : "Get_AuthorsBook_by_BookID",
    "sampleCount" : 30,
    "errorCount" : 0,
    "errorPct" : 0.0,
    "meanResTime" : 128.36666666666665,
    "medianResTime" : 120.5,
    "minResTime" : 116.0,
    "maxResTime" : 204.0,
    "pct1ResTime" : 181.4000000000001,
    "pct2ResTime" : 204.0,
    "pct3ResTime" : 204.0,
    "throughput" : 0.5161023947151114,
    "receivedKBytesPerSec" : 0.3793823006984586,
    "sentKBytesPerSec" : 0.10432929268166805
  }
}