{
  "Delete Users" : {
    "transaction" : "Delete Users",
    "sampleCount" : 30,
    "errorCount" : 0,
    "errorPct" : 0.0,
    "meanResTime" : 40.06666666666667,
    "medianResTime" : 36.5,
    "minResTime" : 34.0,
    "maxResTime" : 54.0,
    "pct1ResTime" : 51.900000000000006,
    "pct2ResTime" : 52.9,
    "pct3ResTime" : 54.0,
    "throughput" : 0.5165378191773274,
    "receivedKBytesPerSec" : 0.15667641273093544,
    "sentKBytesPerSec" : 0.07273901711461975
  },
  "Total" : {
    "transaction" : "Total",
    "sampleCount" : 90,
    "errorCount" : 0,
    "errorPct" : 0.0,
    "meanResTime" : 131.44444444444446,
    "medianResTime" : 43.0,
    "minResTime" : 34.0,
    "maxResTime" : 3218.0,
    "pct1ResTime" : 189.9,
    "pct2ResTime" : 222.95000000000005,
    "pct3ResTime" : 3218.0,
    "throughput" : 1.5433951263011678,
    "receivedKBytesPerSec" : 0.705982692538542,
    "sentKBytesPerSec" : 0.21623608800781985
  },
  "Get User by ID" : {
    "transaction" : "Get User by ID",
    "sampleCount" : 30,
    "errorCount" : 0,
    "errorPct" : 0.0,
    "meanResTime" : 39.59999999999999,
    "medianResTime" : 36.0,
    "minResTime" : 34.0,
    "maxResTime" : 54.0,
    "pct1ResTime" : 49.0,
    "pct2ResTime" : 51.8,
    "pct3ResTime" : 54.0,
    "throughput" : 0.5165378191773274,
    "receivedKBytesPerSec" : 0.15667641273093544,
    "sentKBytesPerSec" : 0.07273901711461975
  },
  "Get Users" : {
    "transaction" : "Get Users",
    "sampleCount" : 30,
    "errorCount" : 0,
    "errorPct" : 0.0,
    "meanResTime" : 314.66666666666674,
    "medianResTime" : 168.0,
    "minResTime" : 146.0,
    "maxResTime" : 3218.0,
    "pct1ResTime" : 390.10000000000036,
    "pct2ResTime" : 2096.5499999999984,
    "pct3ResTime" : 3218.0,
    "throughput" : 0.5151098901098902,
    "receivedKBytesPerSec" : 0.3943810096153846,
    "sentKBytesPerSec" : 0.07143125429258242
  }
}