{
  "Delete User" : {
    "transaction" : "Delete User",
    "sampleCount" : 30,
    "errorCount" : 0,
    "errorPct" : 0.0,
    "meanResTime" : 37.70000000000001,
    "medianResTime" : 36.0,
    "minResTime" : 34.0,
    "maxResTime" : 44.0,
    "pct1ResTime" : 43.0,
    "pct2ResTime" : 43.45,
    "pct3ResTime" : 44.0,
    "throughput" : 0.5170809059257472,
    "receivedKBytesPerSec" : 0.15684114197318075,
    "sentKBytesPerSec" : 0.07281549476024682
  },
  "Total" : {
    "transaction" : "Total",
    "sampleCount" : 90,
    "errorCount" : 0,
    "errorPct" : 0.0,
    "meanResTime" : 79.35555555555555,
    "medianResTime" : 40.0,
    "minResTime" : 34.0,
    "maxResTime" : 213.0,
    "pct1ResTime" : 169.70000000000002,
    "pct2ResTime" : 176.9,
    "pct3ResTime" : 213.0,
    "throughput" : 1.5459401892917874,
    "receivedKBytesPerSec" : 0.7071468600237044,
    "sentKBytesPerSec" : 0.21659266193723484
  },
  "Get User by ID" : {
    "transaction" : "Get User by ID",
    "sampleCount" : 30,
    "errorCount" : 0,
    "errorPct" : 0.0,
    "meanResTime" : 37.9,
    "medianResTime" : 37.0,
    "minResTime" : 35.0,
    "maxResTime" : 45.0,
    "pct1ResTime" : 43.60000000000001,
    "pct2ResTime" : 44.45,
    "pct3ResTime" : 45.0,
    "throughput" : 0.5170809059257472,
    "receivedKBytesPerSec" : 0.15684114197318075,
    "sentKBytesPerSec" : 0.07281549476024682
  },
  "Get Users" : {
    "transaction" : "Get Users",
    "sampleCount" : 30,
    "errorCount" : 0,
    "errorPct" : 0.0,
    "meanResTime" : 162.46666666666664,
    "medianResTime" : 161.0,
    "minResTime" : 143.0,
    "maxResTime" : 213.0,
    "pct1ResTime" : 178.0,
    "pct2ResTime" : 202.54999999999998,
    "pct3ResTime" : 213.0,
    "throughput" : 0.5159515005589475,
    "receivedKBytesPerSec" : 0.3950253676154441,
    "sentKBytesPerSec" : 0.07154796199157279
  }
}