{
  "Get_Authors_by_ID" : {
    "transaction" : "Get_Authors_by_ID",
    "sampleCount" : 30,
    "errorCount" : 30,
    "errorPct" : 100.0,
    "meanResTime" : 0.0,
    "medianResTime" : 0.0,
    "minResTime" : 0.0,
    "maxResTime" : 0.0,
    "pct1ResTime" : 0.0,
    "pct2ResTime" : 0.0,
    "pct3ResTime" : 0.0,
    "throughput" : 0.5174733501224688,
    "receivedKBytesPerSec" : 0.5786201034084245,
    "sentKBytesPerSec" : 0.0
  },
  "Post_Authors" : {
    "transaction" : "Post_Authors",
    "sampleCount" : 30,
    "errorCount" : 30,
    "errorPct" : 100.0,
    "meanResTime" : 240.50000000000006,
    "medianResTime" : 239.0,
    "minResTime" : 230.0,
    "maxResTime" : 268.0,
    "pct1ResTime" : 248.9,
    "pct2ResTime" : 265.8,
    "pct3ResTime" : 268.0,
    "throughput" : 0.5154462045977801,
    "receivedKBytesPerSec" : 1.4652967788907598,
    "sentKBytesPerSec" : 0.15553991916085358
  },
  "Get_All_Author" : {
    "transaction" : "Get_All_Author",
    "sampleCount" : 30,
    "errorCount" : 0,
    "errorPct" : 0.0,
    "meanResTime" : 327.03333333333336,
    "medianResTime" : 349.5,
    "minResTime" : 233.0,
    "maxResTime" : 463.0,
    "pct1ResTime" : 363.9,
    "pct2ResTime" : 410.74999999999994,
    "pct3ResTime" : 463.0,
    "throughput" : 0.51440329218107,
    "receivedKBytesPerSec" : 35.25179639274691,
    "sentKBytesPerSec" : 0.10197643389917696
  },
  "Total" : {
    "transaction" : "Total",
    "sampleCount" : 180,
    "errorCount" : 150,
    "errorPct" : 83.333336,
    "meanResTime" : 94.58888888888889,
    "medianResTime" : 0.0,
    "minResTime" : 0.0,
    "maxResTime" : 463.0,
    "pct1ResTime" : 347.0,
    "pct2ResTime" : 356.79999999999995,
    "pct3ResTime" : 386.0499999999998,
    "throughput" : 3.0736655168880844,
    "receivedKBytesPerSec" : 38.85665512619105,
    "sentKBytesPerSec" : 0.25613879307400705
  },
  "Update_Authors" : {
    "transaction" : "Update_Authors",
    "sampleCount" : 30,
    "errorCount" : 30,
    "errorPct" : 100.0,
    "meanResTime" : 0.0,
    "medianResTime" : 0.0,
    "minResTime" : 0.0,
    "maxResTime" : 0.0,
    "pct1ResTime" : 0.0,
    "pct2ResTime" : 0.0,
    "pct3ResTime" : 0.0,
    "throughput" : 0.517464424320828,
    "receivedKBytesPerSec" : 0.5786101228978008,
    "sentKBytesPerSec" : 0.0
  },
  "Delete_Author" : {
    "transaction" : "Delete_Author",
    "sampleCount" : 30,
    "errorCount" : 30,
    "errorPct" : 100.0,
    "meanResTime" : 0.0,
    "medianResTime" : 0.0,
    "minResTime" : 0.0,
    "maxResTime" : 0.0,
    "pct1ResTime" : 0.0,
    "pct2ResTime" : 0.0,
    "pct3ResTime" : 0.0,
    "throughput" : 0.5174733501224688,
    "receivedKBytesPerSec" : 0.5786201034084245,
    "sentKBytesPerSec" : 0.0
  },
  "Get_AuthorsBook_by_BookID" : {
    "transaction" : "Get_AuthorsBook_by_BookID",
    "sampleCount" : 30,
    "errorCount" : 30,
    "errorPct" : 100.0,
    "meanResTime" : 0.0,
    "medianResTime" : 0.0,
    "minResTime" : 0.0,
    "maxResTime" : 0.0,
    "pct1ResTime" : 0.0,
    "pct2ResTime" : 0.0,
    "pct3ResTime" : 0.0,
    "throughput" : 0.5174733501224688,
    "receivedKBytesPerSec" : 0.5816521738192983,
    "sentKBytesPerSec" : 0.0
  }
}