{
  "Get_Authors_by_ID" : {
    "transaction" : "Get_Authors_by_ID",
    "sampleCount" : 30,
    "errorCount" : 0,
    "errorPct" : 0.0,
    "meanResTime" : 86.43333333333335,
    "medianResTime" : 86.0,
    "minResTime" : 84.0,
    "maxResTime" : 94.0,
    "pct1ResTime" : 89.0,
    "pct2ResTime" : 92.35,
    "pct3ResTime" : 94.0,
    "throughput" : 0.5193905817174516,
    "receivedKBytesPerSec" : 0.3714014618680748,
    "sentKBytesPerSec" : 0.10509543801939059
  },
  "Post_Authors" : {
    "transaction" : "Post_Authors",
    "sampleCount" : 30,
    "errorCount" : 0,
    "errorPct" : 0.0,
    "meanResTime" : 176.23333333333332,
    "medianResTime" : 173.0,
    "minResTime" : 166.0,
    "maxResTime" : 223.0,
    "pct1ResTime" : 192.5,
    "pct2ResTime" : 209.79999999999998,
    "pct3ResTime" : 223.0,
    "throughput" : 0.5155082051722657,
    "receivedKBytesPerSec" : 0.20388752255348397,
    "sentKBytesPerSec" : 0.15404835037374345
  },
  "Get_All_Author" : {
    "transaction" : "Get_All_Author",
    "sampleCount" : 30,
    "errorCount" : 0,
    "errorPct" : 0.0,
    "meanResTime" : 300.59999999999997,
    "medianResTime" : 255.0,
    "minResTime" : 249.0,
    "maxResTime" : 745.0,
    "pct1ResTime" : 360.6,
    "pct2ResTime" : 568.9999999999998,
    "pct3ResTime" : 745.0,
    "throughput" : 0.5135227661759671,
    "receivedKBytesPerSec" : 35.21953766903458,
    "sentKBytesPerSec" : 0.10180187649777474
  },
  "Total" : {
    "transaction" : "Total",
    "sampleCount" : 180,
    "errorCount" : 0,
    "errorPct" : 0.0,
    "meanResTime" : 136.76666666666674,
    "medianResTime" : 87.0,
    "minResTime" : 84.0,
    "maxResTime" : 745.0,
    "pct1ResTime" : 252.0,
    "pct2ResTime" : 330.95,
    "pct3ResTime" : 485.7999999999993,
    "throughput" : 3.0526065868466574,
    "receivedKBytesPerSec" : 36.1537130507411,
    "sentKBytesPerSec" : 0.6830604712885392
  },
  "Update_Authors" : {
    "transaction" : "Update_Authors",
    "sampleCount" : 30,
    "errorCount" : 0,
    "errorPct" : 0.0,
    "meanResTime" : 85.53333333333332,
    "medianResTime" : 85.0,
    "minResTime" : 84.0,
    "maxResTime" : 88.0,
    "pct1ResTime" : 87.0,
    "pct2ResTime" : 87.45,
    "pct3ResTime" : 88.0,
    "throughput" : 0.5193995740923492,
    "receivedKBytesPerSec" : 0.20542658936269673,
    "sentKBytesPerSec" : 0.11372010206201631
  },
  "Delete_Author" : {
    "transaction" : "Delete_Author",
    "sampleCount" : 30,
    "errorCount" : 0,
    "errorPct" : 0.0,
    "meanResTime" : 85.43333333333334,
    "medianResTime" : 85.0,
    "minResTime" : 84.0,
    "maxResTime" : 89.0,
    "pct1ResTime" : 87.0,
    "pct2ResTime" : 88.45,
    "pct3ResTime" : 89.0,
    "throughput" : 0.5193815896539188,
    "receivedKBytesPerSec" : 0.10702101114939146,
    "sentKBytesPerSec" : 0.11523779020446322
  },
  "Get_AuthorsBook_by_BookID" : {
    "transaction" : "Get_AuthorsBook_by_BookID",
    "sampleCount" : 30,
    "errorCount" : 0,
    "errorPct" : 0.0,
    "meanResTime" : 86.36666666666666,
    "medianResTime" : 86.0,
    "minResTime" : 84.0,
    "maxResTime" : 92.0,
    "pct1ResTime" : 89.0,
    "pct2ResTime" : 90.9,
    "pct3ResTime" : 92.0,
    "throughput" : 0.5193725979017346,
    "receivedKBytesPerSec" : 0.3973234187268446,
    "sentKBytesPerSec" : 0.10509179910667914
  }
}