{
  "Get_Authors_by_ID" : {
    "transaction" : "Get_Authors_by_ID",
    "sampleCount" : 30,
    "errorCount" : 0,
    "errorPct" : 0.0,
    "meanResTime" : 128.0666666666667,
    "medianResTime" : 121.5,
    "minResTime" : 116.0,
    "maxResTime" : 202.0,
    "pct1ResTime" : 176.10000000000008,
    "pct2ResTime" : 194.29999999999998,
    "pct3ResTime" : 202.0,
    "throughput" : 0.5171878771161604,
    "receivedKBytesPerSec" : 0.3706344763903734,
    "sentKBytesPerSec" : 0.10464973451022308
  },
  "Post_Authors" : {
    "transaction" : "Post_Authors",
    "sampleCount" : 30,
    "errorCount" : 0,
    "errorPct" : 0.0,
    "meanResTime" : 342.8666666666667,
    "medianResTime" : 244.0,
    "minResTime" : 231.0,
    "maxResTime" : 2580.0,
    "pct1ResTime" : 387.0,
    "pct2ResTime" : 1398.5999999999985,
    "pct3ResTime" : 2580.0,
    "throughput" : 0.5150391429748661,
    "receivedKBytesPerSec" : 0.20370200478986403,
    "sentKBytesPerSec" : 0.15390818139678616
  },
  "Get_All_Author" : {
    "transaction" : "Get_All_Author",
    "sampleCount" : 30,
    "errorCount" : 0,
    "errorPct" : 0.0,
    "meanResTime" : 417.20000000000005,
    "medianResTime" : 370.0,
    "minResTime" : 345.0,
    "maxResTime" : 819.0,
    "pct1ResTime" : 503.6,
    "pct2ResTime" : 675.4499999999998,
    "pct3ResTime" : 819.0,
    "throughput" : 0.5140683368175742,
    "receivedKBytesPerSec" : 35.39571347330272,
    "sentKBytesPerSec" : 0.10191003161520272
  },
  "Total" : {
    "transaction" : "Total",
    "sampleCount" : 180,
    "errorCount" : 0,
    "errorPct" : 0.0,
    "meanResTime" : 210.8277777777778,
    "medianResTime" : 123.0,
    "minResTime" : 115.0,
    "maxResTime" : 2580.0,
    "pct1ResTime" : 377.20000000000005,
    "pct2ResTime" : 475.5999999999999,
    "pct3ResTime" : 1153.589999999996,
    "throughput" : 3.043110735418428,
    "receivedKBytesPerSec" : 36.163636543744715,
    "sentKBytesPerSec" : 0.680935650887574
  },
  "Update_Authors" : {
    "transaction" : "Update_Authors",
    "sampleCount" : 30,
    "errorCount" : 0,
    "errorPct" : 0.0,
    "meanResTime" : 127.76666666666667,
    "medianResTime" : 120.5,
    "minResTime" : 116.0,
    "maxResTime" : 205.0,
    "pct1ResTime" : 157.40000000000003,
    "pct2ResTime" : 204.45,
    "pct3ResTime" : 205.0,
    "throughput" : 0.517170045510964,
    "receivedKBytesPerSec" : 0.2045447933905668,
    "sentKBytesPerSec" : 0.11323195723003723
  },
  "Delete_Author" : {
    "transaction" : "Delete_Author",
    "sampleCount" : 30,
    "errorCount" : 0,
    "errorPct" : 0.0,
    "meanResTime" : 125.43333333333332,
    "medianResTime" : 120.0,
    "minResTime" : 115.0,
    "maxResTime" : 215.0,
    "pct1ResTime" : 128.60000000000002,
    "pct2ResTime" : 208.39999999999998,
    "pct3ResTime" : 215.0,
    "throughput" : 0.5171522151353215,
    "receivedKBytesPerSec" : 0.10656163807964145,
    "sentKBytesPerSec" : 0.11474314773314946
  },
  "Get_AuthorsBook_by_BookID" : {
    "transaction" : "Get_AuthorsBook_by_BookID",
    "sampleCount" : 30,
    "errorCount" : 0,
    "errorPct" : 0.0,
    "meanResTime" : 123.63333333333334,
    "medianResTime" : 120.0,
    "minResTime" : 116.0,
    "maxResTime" : 203.0,
    "pct1ResTime" : 125.80000000000001,
    "pct2ResTime" : 167.79999999999995,
    "pct3ResTime" : 203.0,
    "throughput" : 0.517196793379881,
    "receivedKBytesPerSec" : 0.3800520968019998,
    "sentKBytesPerSec" : 0.1046515386604603
  }
}